"USAFID","WBAN","YR","M","D","HR","MIN","LAT","LONG","ELEV","WIND.DIR","WIND.SPD","TEMP","DEW.POINT","ATM.PRES","city"
727430,94850,2009,1,1,4,59,46.533,-87.567,434,999,999.9,999.9,999.9,9999.9,"Ishpeming"
727430,94850,2009,1,1,8,59,46.533,-87.567,434,999,999.9,999.9,999.9,9999.9,"Ishpeming"
727430,94850,2009,1,2,4,59,46.533,-87.567,434,999,999.9,999.9,999.9,9999.9,"Ishpeming"
727430,94850,2009,1,3,4,59,46.533,-87.567,434,999,999.9,999.9,999.9,9999.9,"Ishpeming"
727430,94850,2009,1,4,4,59,46.533,-87.567,434,999,999.9,999.9,999.9,9999.9,"Ishpeming"
727430,94850,2009,1,5,4,59,46.533,-87.567,434,999,999.9,999.9,999.9,9999.9,"Ishpeming"
727430,94850,2009,1,6,4,59,46.533,-87.567,434,999,999.9,999.9,999.9,9999.9,"Ishpeming"
727430,94850,2009,1,7,4,59,46.533,-87.567,434,999,999.9,999.9,999.9,9999.9,"Ishpeming"
727430,94850,2009,1,8,4,59,46.533,-87.567,434,999,999.9,999.9,999.9,9999.9,"Ishpeming"
727430,94850,2009,1,9,4,59,46.533,-87.567,434,999,999.9,999.9,999.9,9999.9,"Ishpeming"
727430,94850,2009,1,10,4,59,46.533,-87.567,434,999,999.9,999.9,999.9,9999.9,"Ishpeming"
727430,94850,2009,1,11,4,59,46.533,-87.567,434,999,999.9,999.9,999.9,9999.9,"Ishpeming"
727430,94850,2009,1,12,4,59,46.533,-87.567,434,999,999.9,999.9,999.9,9999.9,"Ishpeming"
727430,94850,2009,1,13,4,59,46.533,-87.567,434,999,999.9,999.9,999.9,9999.9,"Ishpeming"
727430,94850,2009,1,14,4,59,46.533,-87.567,434,999,999.9,999.9,999.9,9999.9,"Ishpeming"
727430,94850,2009,1,15,4,59,46.533,-87.567,434,999,999.9,999.9,999.9,9999.9,"Ishpeming"
727430,94850,2009,1,16,4,59,46.533,-87.567,434,999,999.9,999.9,999.9,9999.9,"Ishpeming"
727430,94850,2009,1,17,4,59,46.533,-87.567,434,999,999.9,999.9,999.9,9999.9,"Ishpeming"
727430,94850,2009,1,18,4,59,46.533,-87.567,434,999,999.9,999.9,999.9,9999.9,"Ishpeming"
727430,94850,2009,1,19,4,59,46.533,-87.567,434,999,999.9,999.9,999.9,9999.9,"Ishpeming"
727430,94850,2009,1,20,4,59,46.533,-87.567,434,999,999.9,999.9,999.9,9999.9,"Ishpeming"
727430,94850,2009,1,21,4,59,46.533,-87.567,434,999,999.9,999.9,999.9,9999.9,"Ishpeming"
727430,94850,2009,1,22,4,59,46.533,-87.567,434,999,999.9,999.9,999.9,9999.9,"Ishpeming"
727430,94850,2009,1,23,4,59,46.533,-87.567,434,999,999.9,999.9,999.9,9999.9,"Ishpeming"
727430,94850,2009,1,24,4,59,46.533,-87.567,434,999,999.9,999.9,999.9,9999.9,"Ishpeming"
727430,94850,2009,1,25,4,59,46.533,-87.567,434,999,999.9,999.9,999.9,9999.9,"Ishpeming"
727430,94850,2009,1,26,4,59,46.533,-87.567,434,999,999.9,999.9,999.9,9999.9,"Ishpeming"
727430,94850,2009,1,27,4,59,46.533,-87.567,434,999,999.9,999.9,999.9,9999.9,"Ishpeming"
727430,94850,2009,1,28,4,59,46.533,-87.567,434,999,999.9,999.9,999.9,9999.9,"Ishpeming"
727430,94850,2009,1,29,4,59,46.533,-87.567,434,999,999.9,999.9,999.9,9999.9,"Ishpeming"
727430,94850,2009,1,30,4,59,46.533,-87.567,434,999,999.9,999.9,999.9,9999.9,"Ishpeming"
727430,94850,2009,1,31,4,59,46.533,-87.567,434,999,999.9,999.9,999.9,9999.9,"Ishpeming"
727430,94850,2009,2,1,4,59,46.533,-87.567,434,999,999.9,999.9,999.9,9999.9,"Ishpeming"
727430,94850,2009,2,1,8,59,46.533,-87.567,434,999,999.9,999.9,999.9,9999.9,"Ishpeming"
727430,94850,2009,2,2,4,59,46.533,-87.567,434,999,999.9,999.9,999.9,9999.9,"Ishpeming"
727430,94850,2009,2,3,4,59,46.533,-87.567,434,999,999.9,999.9,999.9,9999.9,"Ishpeming"
727430,94850,2009,2,4,4,59,46.533,-87.567,434,999,999.9,999.9,999.9,9999.9,"Ishpeming"
727430,94850,2009,2,5,4,59,46.533,-87.567,434,999,999.9,999.9,999.9,9999.9,"Ishpeming"
727430,94850,2009,2,6,4,59,46.533,-87.567,434,999,999.9,999.9,999.9,9999.9,"Ishpeming"
727430,94850,2009,2,7,4,59,46.533,-87.567,434,999,999.9,999.9,999.9,9999.9,"Ishpeming"
727430,94850,2009,2,8,4,59,46.533,-87.567,434,999,999.9,999.9,999.9,9999.9,"Ishpeming"
727430,94850,2009,2,9,4,59,46.533,-87.567,434,999,999.9,999.9,999.9,9999.9,"Ishpeming"
727430,94850,2009,2,10,4,59,46.533,-87.567,434,999,999.9,999.9,999.9,9999.9,"Ishpeming"
727430,94850,2009,2,11,4,59,46.533,-87.567,434,999,999.9,999.9,999.9,9999.9,"Ishpeming"
727430,94850,2009,2,12,4,59,46.533,-87.567,434,999,999.9,999.9,999.9,9999.9,"Ishpeming"
727430,94850,2009,2,13,4,59,46.533,-87.567,434,999,999.9,999.9,999.9,9999.9,"Ishpeming"
727430,94850,2009,2,14,4,59,46.533,-87.567,434,999,999.9,999.9,999.9,9999.9,"Ishpeming"
727430,94850,2009,2,15,4,59,46.533,-87.567,434,999,999.9,999.9,999.9,9999.9,"Ishpeming"
727430,94850,2009,2,16,4,59,46.533,-87.567,434,999,999.9,999.9,999.9,9999.9,"Ishpeming"
727430,94850,2009,2,17,4,59,46.533,-87.567,434,999,999.9,999.9,999.9,9999.9,"Ishpeming"
727430,94850,2009,2,18,4,59,46.533,-87.567,434,999,999.9,999.9,999.9,9999.9,"Ishpeming"
727430,94850,2009,2,19,4,59,46.533,-87.567,434,999,999.9,999.9,999.9,9999.9,"Ishpeming"
727430,94850,2009,2,20,4,59,46.533,-87.567,434,999,999.9,999.9,999.9,9999.9,"Ishpeming"
727430,94850,2009,2,21,4,59,46.533,-87.567,434,999,999.9,999.9,999.9,9999.9,"Ishpeming"
727430,94850,2009,2,22,4,59,46.533,-87.567,434,999,999.9,999.9,999.9,9999.9,"Ishpeming"
727430,94850,2009,2,23,4,59,46.533,-87.567,434,999,999.9,999.9,999.9,9999.9,"Ishpeming"
727430,94850,2009,2,24,4,59,46.533,-87.567,434,999,999.9,999.9,999.9,9999.9,"Ishpeming"
727430,94850,2009,2,25,4,59,46.533,-87.567,434,999,999.9,999.9,999.9,9999.9,"Ishpeming"
727430,94850,2009,2,26,4,59,46.533,-87.567,434,999,999.9,999.9,999.9,9999.9,"Ishpeming"
727430,94850,2009,2,27,4,59,46.533,-87.567,434,999,999.9,999.9,999.9,9999.9,"Ishpeming"
727430,94850,2009,2,28,4,59,46.533,-87.567,434,999,999.9,999.9,999.9,9999.9,"Ishpeming"
727430,94850,2009,3,1,4,59,46.533,-87.567,434,999,999.9,999.9,999.9,9999.9,"Ishpeming"
727430,94850,2009,3,1,8,59,46.533,-87.567,434,999,999.9,999.9,999.9,9999.9,"Ishpeming"
727430,94850,2009,3,2,4,59,46.533,-87.567,434,999,999.9,999.9,999.9,9999.9,"Ishpeming"
727430,94850,2009,3,3,4,59,46.533,-87.567,434,999,999.9,999.9,999.9,9999.9,"Ishpeming"
727430,94850,2009,3,4,4,59,46.533,-87.567,434,999,999.9,999.9,999.9,9999.9,"Ishpeming"
727430,94850,2009,3,5,4,59,46.533,-87.567,434,999,999.9,999.9,999.9,9999.9,"Ishpeming"
727430,94850,2009,3,6,4,59,46.533,-87.567,434,999,999.9,999.9,999.9,9999.9,"Ishpeming"
727430,94850,2009,3,7,4,59,46.533,-87.567,434,999,999.9,999.9,999.9,9999.9,"Ishpeming"
727430,94850,2009,3,8,4,59,46.533,-87.567,434,999,999.9,999.9,999.9,9999.9,"Ishpeming"
727430,94850,2009,3,9,4,59,46.533,-87.567,434,999,999.9,999.9,999.9,9999.9,"Ishpeming"
727430,94850,2009,3,10,4,59,46.533,-87.567,434,999,999.9,999.9,999.9,9999.9,"Ishpeming"
727430,94850,2009,3,11,4,59,46.533,-87.567,434,999,999.9,999.9,999.9,9999.9,"Ishpeming"
727430,94850,2009,3,12,4,59,46.533,-87.567,434,999,999.9,999.9,999.9,9999.9,"Ishpeming"
727430,94850,2009,3,13,4,59,46.533,-87.567,434,999,999.9,999.9,999.9,9999.9,"Ishpeming"
727430,94850,2009,3,14,4,59,46.533,-87.567,434,999,999.9,999.9,999.9,9999.9,"Ishpeming"
727430,94850,2009,3,15,4,59,46.533,-87.567,434,999,999.9,999.9,999.9,9999.9,"Ishpeming"
727430,94850,2009,3,16,4,59,46.533,-87.567,434,999,999.9,999.9,999.9,9999.9,"Ishpeming"
727430,94850,2009,3,17,4,59,46.533,-87.567,434,999,999.9,999.9,999.9,9999.9,"Ishpeming"
727430,94850,2009,3,18,4,59,46.533,-87.567,434,999,999.9,999.9,999.9,9999.9,"Ishpeming"
727430,94850,2009,3,19,4,59,46.533,-87.567,434,999,999.9,999.9,999.9,9999.9,"Ishpeming"
727430,94850,2009,3,20,4,59,46.533,-87.567,434,999,999.9,999.9,999.9,9999.9,"Ishpeming"
727430,94850,2009,3,21,4,59,46.533,-87.567,434,999,999.9,999.9,999.9,9999.9,"Ishpeming"
727430,94850,2009,3,22,4,59,46.533,-87.567,434,999,999.9,999.9,999.9,9999.9,"Ishpeming"
727430,94850,2009,3,23,4,59,46.533,-87.567,434,999,999.9,999.9,999.9,9999.9,"Ishpeming"
727430,94850,2009,3,24,4,59,46.533,-87.567,434,999,999.9,999.9,999.9,9999.9,"Ishpeming"
727430,94850,2009,3,25,4,59,46.533,-87.567,434,999,999.9,999.9,999.9,9999.9,"Ishpeming"
727430,94850,2009,3,26,4,59,46.533,-87.567,434,999,999.9,999.9,999.9,9999.9,"Ishpeming"
727430,94850,2009,3,27,4,59,46.533,-87.567,434,999,999.9,999.9,999.9,9999.9,"Ishpeming"
727430,94850,2009,3,28,4,59,46.533,-87.567,434,999,999.9,999.9,999.9,9999.9,"Ishpeming"
727430,94850,2009,3,29,4,59,46.533,-87.567,434,999,999.9,999.9,999.9,9999.9,"Ishpeming"
727430,94850,2009,3,30,4,59,46.533,-87.567,434,999,999.9,999.9,999.9,9999.9,"Ishpeming"
727430,94850,2009,3,31,4,59,46.533,-87.567,434,999,999.9,999.9,999.9,9999.9,"Ishpeming"
727430,94850,2009,4,1,4,59,46.533,-87.567,434,999,999.9,999.9,999.9,9999.9,"Ishpeming"
727430,94850,2009,4,1,8,59,46.533,-87.567,434,999,999.9,999.9,999.9,9999.9,"Ishpeming"
727430,94850,2009,4,2,4,59,46.533,-87.567,434,999,999.9,999.9,999.9,9999.9,"Ishpeming"
727430,94850,2009,4,3,4,59,46.533,-87.567,434,999,999.9,999.9,999.9,9999.9,"Ishpeming"
727430,94850,2009,4,4,4,59,46.533,-87.567,434,999,999.9,999.9,999.9,9999.9,"Ishpeming"
727430,94850,2009,4,5,4,59,46.533,-87.567,434,999,999.9,999.9,999.9,9999.9,"Ishpeming"
727430,94850,2009,4,6,4,59,46.533,-87.567,434,999,999.9,999.9,999.9,9999.9,"Ishpeming"
727430,94850,2009,4,7,4,59,46.533,-87.567,434,999,999.9,999.9,999.9,9999.9,"Ishpeming"
727430,94850,2009,4,8,4,59,46.533,-87.567,434,999,999.9,999.9,999.9,9999.9,"Ishpeming"
727430,94850,2009,4,9,4,59,46.533,-87.567,434,999,999.9,999.9,999.9,9999.9,"Ishpeming"
727430,94850,2009,4,10,4,59,46.533,-87.567,434,999,999.9,999.9,999.9,9999.9,"Ishpeming"
727430,94850,2009,4,11,4,59,46.533,-87.567,434,999,999.9,999.9,999.9,9999.9,"Ishpeming"
727430,94850,2009,4,12,4,59,46.533,-87.567,434,999,999.9,999.9,999.9,9999.9,"Ishpeming"
727430,94850,2009,4,13,4,59,46.533,-87.567,434,999,999.9,999.9,999.9,9999.9,"Ishpeming"
727430,94850,2009,4,14,4,59,46.533,-87.567,434,999,999.9,999.9,999.9,9999.9,"Ishpeming"
727430,94850,2009,4,15,4,59,46.533,-87.567,434,999,999.9,999.9,999.9,9999.9,"Ishpeming"
727430,94850,2009,4,16,4,59,46.533,-87.567,434,999,999.9,999.9,999.9,9999.9,"Ishpeming"
727430,94850,2009,4,17,4,59,46.533,-87.567,434,999,999.9,999.9,999.9,9999.9,"Ishpeming"
727430,94850,2009,4,18,4,59,46.533,-87.567,434,999,999.9,999.9,999.9,9999.9,"Ishpeming"
727430,94850,2009,4,19,4,59,46.533,-87.567,434,999,999.9,999.9,999.9,9999.9,"Ishpeming"
727430,94850,2009,4,20,4,59,46.533,-87.567,434,999,999.9,999.9,999.9,9999.9,"Ishpeming"
727430,94850,2009,4,21,4,59,46.533,-87.567,434,999,999.9,999.9,999.9,9999.9,"Ishpeming"
727430,94850,2009,4,22,4,59,46.533,-87.567,434,999,999.9,999.9,999.9,9999.9,"Ishpeming"
727430,94850,2009,4,23,4,59,46.533,-87.567,434,999,999.9,999.9,999.9,9999.9,"Ishpeming"
727430,94850,2009,4,24,4,59,46.533,-87.567,434,999,999.9,999.9,999.9,9999.9,"Ishpeming"
727430,94850,2009,4,25,4,59,46.533,-87.567,434,999,999.9,999.9,999.9,9999.9,"Ishpeming"
727430,94850,2009,4,26,4,59,46.533,-87.567,434,999,999.9,999.9,999.9,9999.9,"Ishpeming"
727430,94850,2009,4,27,4,59,46.533,-87.567,434,999,999.9,999.9,999.9,9999.9,"Ishpeming"
727430,94850,2009,4,28,4,59,46.533,-87.567,434,999,999.9,999.9,999.9,9999.9,"Ishpeming"
727430,94850,2009,4,29,4,59,46.533,-87.567,434,999,999.9,999.9,999.9,9999.9,"Ishpeming"
727430,94850,2009,4,30,4,59,46.533,-87.567,434,999,999.9,999.9,999.9,9999.9,"Ishpeming"
727430,94850,2009,5,1,4,59,46.533,-87.567,434,999,999.9,999.9,999.9,9999.9,"Ishpeming"
727430,94850,2009,5,1,8,59,46.533,-87.567,434,999,999.9,999.9,999.9,9999.9,"Ishpeming"
727430,94850,2009,5,2,4,59,46.533,-87.567,434,999,999.9,999.9,999.9,9999.9,"Ishpeming"
727430,94850,2009,5,3,4,59,46.533,-87.567,434,999,999.9,999.9,999.9,9999.9,"Ishpeming"
727430,94850,2009,5,4,4,59,46.533,-87.567,434,999,999.9,999.9,999.9,9999.9,"Ishpeming"
727430,94850,2009,5,5,4,59,46.533,-87.567,434,999,999.9,999.9,999.9,9999.9,"Ishpeming"
727430,94850,2009,5,6,4,59,46.533,-87.567,434,999,999.9,999.9,999.9,9999.9,"Ishpeming"
727430,94850,2009,5,7,4,59,46.533,-87.567,434,999,999.9,999.9,999.9,9999.9,"Ishpeming"
727430,94850,2009,5,8,4,59,46.533,-87.567,434,999,999.9,999.9,999.9,9999.9,"Ishpeming"
727430,94850,2009,5,9,4,59,46.533,-87.567,434,999,999.9,999.9,999.9,9999.9,"Ishpeming"
727430,94850,2009,5,10,4,59,46.533,-87.567,434,999,999.9,999.9,999.9,9999.9,"Ishpeming"
727430,94850,2009,5,11,4,59,46.533,-87.567,434,999,999.9,999.9,999.9,9999.9,"Ishpeming"
727430,94850,2009,5,12,4,59,46.533,-87.567,434,999,999.9,999.9,999.9,9999.9,"Ishpeming"
727430,94850,2009,5,13,4,59,46.533,-87.567,434,999,999.9,999.9,999.9,9999.9,"Ishpeming"
727430,94850,2009,5,14,4,59,46.533,-87.567,434,999,999.9,999.9,999.9,9999.9,"Ishpeming"
727430,94850,2009,5,15,4,59,46.533,-87.567,434,999,999.9,999.9,999.9,9999.9,"Ishpeming"
727430,94850,2009,5,16,4,59,46.533,-87.567,434,999,999.9,999.9,999.9,9999.9,"Ishpeming"
727430,94850,2009,5,17,4,59,46.533,-87.567,434,999,999.9,999.9,999.9,9999.9,"Ishpeming"
727430,94850,2009,5,18,4,59,46.533,-87.567,434,999,999.9,999.9,999.9,9999.9,"Ishpeming"
727430,94850,2009,5,19,4,59,46.533,-87.567,434,999,999.9,999.9,999.9,9999.9,"Ishpeming"
727430,94850,2009,5,20,4,59,46.533,-87.567,434,999,999.9,999.9,999.9,9999.9,"Ishpeming"
727430,94850,2009,5,21,4,59,46.533,-87.567,434,999,999.9,999.9,999.9,9999.9,"Ishpeming"
727430,94850,2009,5,22,4,59,46.533,-87.567,434,999,999.9,999.9,999.9,9999.9,"Ishpeming"
727430,94850,2009,5,23,4,59,46.533,-87.567,434,999,999.9,999.9,999.9,9999.9,"Ishpeming"
727430,94850,2009,5,24,4,59,46.533,-87.567,434,999,999.9,999.9,999.9,9999.9,"Ishpeming"
727430,94850,2009,5,25,4,59,46.533,-87.567,434,999,999.9,999.9,999.9,9999.9,"Ishpeming"
727430,94850,2009,5,26,4,59,46.533,-87.567,434,999,999.9,999.9,999.9,9999.9,"Ishpeming"
727430,94850,2009,5,27,4,59,46.533,-87.567,434,999,999.9,999.9,999.9,9999.9,"Ishpeming"
727430,94850,2009,5,28,4,59,46.533,-87.567,434,999,999.9,999.9,999.9,9999.9,"Ishpeming"
727430,94850,2009,5,29,4,59,46.533,-87.567,434,999,999.9,999.9,999.9,9999.9,"Ishpeming"
727430,94850,2009,5,30,4,59,46.533,-87.567,434,999,999.9,999.9,999.9,9999.9,"Ishpeming"
727430,94850,2009,5,31,4,59,46.533,-87.567,434,999,999.9,999.9,999.9,9999.9,"Ishpeming"
727430,94850,2009,6,1,4,59,46.533,-87.567,434,999,999.9,999.9,999.9,9999.9,"Ishpeming"
727430,94850,2009,6,1,8,59,46.533,-87.567,434,999,999.9,999.9,999.9,9999.9,"Ishpeming"
727430,94850,2009,6,2,4,59,46.533,-87.567,434,999,999.9,999.9,999.9,9999.9,"Ishpeming"
727430,94850,2009,6,3,4,59,46.533,-87.567,434,999,999.9,999.9,999.9,9999.9,"Ishpeming"
727430,94850,2009,6,4,4,59,46.533,-87.567,434,999,999.9,999.9,999.9,9999.9,"Ishpeming"
727430,94850,2009,6,5,4,59,46.533,-87.567,434,999,999.9,999.9,999.9,9999.9,"Ishpeming"
727430,94850,2009,6,6,4,59,46.533,-87.567,434,999,999.9,999.9,999.9,9999.9,"Ishpeming"
727430,94850,2009,6,7,4,59,46.533,-87.567,434,999,999.9,999.9,999.9,9999.9,"Ishpeming"
727430,94850,2009,6,8,4,59,46.533,-87.567,434,999,999.9,999.9,999.9,9999.9,"Ishpeming"
727430,94850,2009,6,9,4,59,46.533,-87.567,434,999,999.9,999.9,999.9,9999.9,"Ishpeming"
727430,94850,2009,6,10,4,59,46.533,-87.567,434,999,999.9,999.9,999.9,9999.9,"Ishpeming"
727430,94850,2009,6,11,4,59,46.533,-87.567,434,999,999.9,999.9,999.9,9999.9,"Ishpeming"
727430,94850,2009,6,12,4,59,46.533,-87.567,434,999,999.9,999.9,999.9,9999.9,"Ishpeming"
727430,94850,2009,6,13,4,59,46.533,-87.567,434,999,999.9,999.9,999.9,9999.9,"Ishpeming"
727430,94850,2009,6,14,4,59,46.533,-87.567,434,999,999.9,999.9,999.9,9999.9,"Ishpeming"
727430,94850,2009,6,15,4,59,46.533,-87.567,434,999,999.9,999.9,999.9,9999.9,"Ishpeming"
727430,94850,2009,6,16,4,59,46.533,-87.567,434,999,999.9,999.9,999.9,9999.9,"Ishpeming"
727430,94850,2009,6,17,4,59,46.533,-87.567,434,999,999.9,999.9,999.9,9999.9,"Ishpeming"
727430,94850,2009,6,18,4,59,46.533,-87.567,434,999,999.9,999.9,999.9,9999.9,"Ishpeming"
727430,94850,2009,6,19,4,59,46.533,-87.567,434,999,999.9,999.9,999.9,9999.9,"Ishpeming"
727430,94850,2009,6,20,4,59,46.533,-87.567,434,999,999.9,999.9,999.9,9999.9,"Ishpeming"
727430,94850,2009,6,21,4,59,46.533,-87.567,434,999,999.9,999.9,999.9,9999.9,"Ishpeming"
727430,94850,2009,6,22,4,59,46.533,-87.567,434,999,999.9,999.9,999.9,9999.9,"Ishpeming"
727430,94850,2009,6,23,4,59,46.533,-87.567,434,999,999.9,999.9,999.9,9999.9,"Ishpeming"
727430,94850,2009,6,24,4,59,46.533,-87.567,434,999,999.9,999.9,999.9,9999.9,"Ishpeming"
727430,94850,2009,6,25,4,59,46.533,-87.567,434,999,999.9,999.9,999.9,9999.9,"Ishpeming"
727430,94850,2009,6,26,4,59,46.533,-87.567,434,999,999.9,999.9,999.9,9999.9,"Ishpeming"
727430,94850,2009,6,27,4,59,46.533,-87.567,434,999,999.9,999.9,999.9,9999.9,"Ishpeming"
727430,94850,2009,6,28,4,59,46.533,-87.567,434,999,999.9,999.9,999.9,9999.9,"Ishpeming"
727430,94850,2009,6,29,4,59,46.533,-87.567,434,999,999.9,999.9,999.9,9999.9,"Ishpeming"
727430,94850,2009,6,30,4,59,46.533,-87.567,434,999,999.9,999.9,999.9,9999.9,"Ishpeming"
727430,94850,2009,7,1,4,59,46.533,-87.567,434,999,999.9,999.9,999.9,9999.9,"Ishpeming"
727430,94850,2009,7,1,8,59,46.533,-87.567,434,999,999.9,999.9,999.9,9999.9,"Ishpeming"
727430,94850,2009,7,2,4,59,46.533,-87.567,434,999,999.9,999.9,999.9,9999.9,"Ishpeming"
727430,94850,2009,7,3,4,59,46.533,-87.567,434,999,999.9,999.9,999.9,9999.9,"Ishpeming"
727430,94850,2009,7,4,4,59,46.533,-87.567,434,999,999.9,999.9,999.9,9999.9,"Ishpeming"
727430,94850,2009,7,5,4,59,46.533,-87.567,434,999,999.9,999.9,999.9,9999.9,"Ishpeming"
727430,94850,2009,7,6,4,59,46.533,-87.567,434,999,999.9,999.9,999.9,9999.9,"Ishpeming"
727430,94850,2009,7,7,4,59,46.533,-87.567,434,999,999.9,999.9,999.9,9999.9,"Ishpeming"
727430,94850,2009,7,8,4,59,46.533,-87.567,434,999,999.9,999.9,999.9,9999.9,"Ishpeming"
727430,94850,2009,7,9,4,59,46.533,-87.567,434,999,999.9,999.9,999.9,9999.9,"Ishpeming"
727430,94850,2009,7,10,4,59,46.533,-87.567,434,999,999.9,999.9,999.9,9999.9,"Ishpeming"
727430,94850,2009,7,11,4,59,46.533,-87.567,434,999,999.9,999.9,999.9,9999.9,"Ishpeming"
727430,94850,2009,7,12,4,59,46.533,-87.567,434,999,999.9,999.9,999.9,9999.9,"Ishpeming"
727430,94850,2009,7,13,4,59,46.533,-87.567,434,999,999.9,999.9,999.9,9999.9,"Ishpeming"
727430,94850,2009,7,14,4,59,46.533,-87.567,434,999,999.9,999.9,999.9,9999.9,"Ishpeming"
727430,94850,2009,7,15,4,59,46.533,-87.567,434,999,999.9,999.9,999.9,9999.9,"Ishpeming"
727430,94850,2009,7,16,4,59,46.533,-87.567,434,999,999.9,999.9,999.9,9999.9,"Ishpeming"
727430,94850,2009,7,17,4,59,46.533,-87.567,434,999,999.9,999.9,999.9,9999.9,"Ishpeming"
727430,94850,2009,7,18,4,59,46.533,-87.567,434,999,999.9,999.9,999.9,9999.9,"Ishpeming"
727430,94850,2009,7,19,4,59,46.533,-87.567,434,999,999.9,999.9,999.9,9999.9,"Ishpeming"
727430,94850,2009,7,20,4,59,46.533,-87.567,434,999,999.9,999.9,999.9,9999.9,"Ishpeming"
727430,94850,2009,7,21,4,59,46.533,-87.567,434,999,999.9,999.9,999.9,9999.9,"Ishpeming"
727430,94850,2009,7,22,4,59,46.533,-87.567,434,999,999.9,999.9,999.9,9999.9,"Ishpeming"
727430,94850,2009,7,23,4,59,46.533,-87.567,434,999,999.9,999.9,999.9,9999.9,"Ishpeming"
727430,94850,2009,7,24,4,59,46.533,-87.567,434,999,999.9,999.9,999.9,9999.9,"Ishpeming"
727430,94850,2009,7,25,4,59,46.533,-87.567,434,999,999.9,999.9,999.9,9999.9,"Ishpeming"
727430,94850,2009,7,26,4,59,46.533,-87.567,434,999,999.9,999.9,999.9,9999.9,"Ishpeming"
727430,94850,2009,7,27,4,59,46.533,-87.567,434,999,999.9,999.9,999.9,9999.9,"Ishpeming"
727430,94850,2009,7,28,4,59,46.533,-87.567,434,999,999.9,999.9,999.9,9999.9,"Ishpeming"
727430,94850,2009,7,29,4,59,46.533,-87.567,434,999,999.9,999.9,999.9,9999.9,"Ishpeming"
727430,94850,2009,7,30,4,59,46.533,-87.567,434,999,999.9,999.9,999.9,9999.9,"Ishpeming"
727430,94850,2009,7,31,4,59,46.533,-87.567,434,999,999.9,999.9,999.9,9999.9,"Ishpeming"
727430,94850,2009,8,1,4,59,46.533,-87.567,434,999,999.9,999.9,999.9,9999.9,"Ishpeming"
727430,94850,2009,8,1,8,59,46.533,-87.567,434,999,999.9,999.9,999.9,9999.9,"Ishpeming"
727430,94850,2009,8,2,4,59,46.531,-87.549,434,999,999.9,999.9,999.9,9999.9,"Ishpeming"
727430,94850,2009,8,3,4,59,46.531,-87.549,434,999,999.9,999.9,999.9,9999.9,"Ishpeming"
727430,94850,2009,8,4,4,59,46.531,-87.549,434,999,999.9,999.9,999.9,9999.9,"Ishpeming"
727430,94850,2009,8,5,4,59,46.531,-87.549,434,999,999.9,999.9,999.9,9999.9,"Ishpeming"
727430,94850,2009,8,6,4,59,46.531,-87.549,434,999,999.9,999.9,999.9,9999.9,"Ishpeming"
727430,94850,2009,8,7,4,59,46.531,-87.549,434,999,999.9,999.9,999.9,9999.9,"Ishpeming"
727430,94850,2009,8,8,4,59,46.531,-87.549,434,999,999.9,999.9,999.9,9999.9,"Ishpeming"
727430,94850,2009,8,9,4,59,46.531,-87.549,434,999,999.9,999.9,999.9,9999.9,"Ishpeming"
727430,94850,2009,8,10,4,59,46.531,-87.549,434,999,999.9,999.9,999.9,9999.9,"Ishpeming"
727430,94850,2009,8,11,4,59,46.531,-87.549,434,999,999.9,999.9,999.9,9999.9,"Ishpeming"
727430,94850,2009,8,12,4,59,46.531,-87.549,434,999,999.9,999.9,999.9,9999.9,"Ishpeming"
727430,94850,2009,8,13,4,59,46.531,-87.549,434,999,999.9,999.9,999.9,9999.9,"Ishpeming"
727430,94850,2009,8,14,4,59,46.531,-87.549,434,999,999.9,999.9,999.9,9999.9,"Ishpeming"
727430,94850,2009,8,15,4,59,46.531,-87.549,434,999,999.9,999.9,999.9,9999.9,"Ishpeming"
727430,94850,2009,8,16,4,59,46.531,-87.549,434,999,999.9,999.9,999.9,9999.9,"Ishpeming"
727430,94850,2009,8,17,4,59,46.531,-87.549,434,999,999.9,999.9,999.9,9999.9,"Ishpeming"
727430,94850,2009,8,18,4,59,46.531,-87.549,434,999,999.9,999.9,999.9,9999.9,"Ishpeming"
727430,94850,2009,8,19,4,59,46.531,-87.549,434,999,999.9,999.9,999.9,9999.9,"Ishpeming"
727430,94850,2009,8,20,4,59,46.531,-87.549,434,999,999.9,999.9,999.9,9999.9,"Ishpeming"
727430,94850,2009,8,21,4,59,46.531,-87.549,434,999,999.9,999.9,999.9,9999.9,"Ishpeming"
727430,94850,2009,8,22,4,59,46.531,-87.549,434,999,999.9,999.9,999.9,9999.9,"Ishpeming"
727430,94850,2009,8,23,4,59,46.531,-87.549,434,999,999.9,999.9,999.9,9999.9,"Ishpeming"
727430,94850,2009,8,24,4,59,46.531,-87.549,434,999,999.9,999.9,999.9,9999.9,"Ishpeming"
727430,94850,2009,8,25,4,59,46.531,-87.549,434,999,999.9,999.9,999.9,9999.9,"Ishpeming"
727430,94850,2009,8,26,4,59,46.531,-87.549,434,999,999.9,999.9,999.9,9999.9,"Ishpeming"
727430,94850,2009,8,27,4,59,46.531,-87.549,434,999,999.9,999.9,999.9,9999.9,"Ishpeming"
727430,94850,2009,8,28,4,59,46.531,-87.549,434,999,999.9,999.9,999.9,9999.9,"Ishpeming"
727430,94850,2009,8,29,4,59,46.531,-87.549,434,999,999.9,999.9,999.9,9999.9,"Ishpeming"
727430,94850,2009,8,30,4,59,46.531,-87.549,434,999,999.9,999.9,999.9,9999.9,"Ishpeming"
727430,94850,2009,8,31,4,59,46.531,-87.549,434,999,999.9,999.9,999.9,9999.9,"Ishpeming"
727430,94850,2009,9,1,4,59,46.531,-87.549,434,999,999.9,999.9,999.9,9999.9,"Ishpeming"
727430,94850,2009,9,1,8,59,46.531,-87.549,434,999,999.9,999.9,999.9,9999.9,"Ishpeming"
727430,94850,2009,9,2,4,59,46.531,-87.549,434,999,999.9,999.9,999.9,9999.9,"Ishpeming"
727430,94850,2009,9,3,4,59,46.531,-87.549,434,999,999.9,999.9,999.9,9999.9,"Ishpeming"
727430,94850,2009,9,4,4,59,46.531,-87.549,434,999,999.9,999.9,999.9,9999.9,"Ishpeming"
727430,94850,2009,9,5,4,59,46.531,-87.549,434,999,999.9,999.9,999.9,9999.9,"Ishpeming"
727430,94850,2009,9,6,4,59,46.531,-87.549,434,999,999.9,999.9,999.9,9999.9,"Ishpeming"
727430,94850,2009,9,7,4,59,46.531,-87.549,434,999,999.9,999.9,999.9,9999.9,"Ishpeming"
727430,94850,2009,9,8,4,59,46.531,-87.549,434,999,999.9,999.9,999.9,9999.9,"Ishpeming"
727430,94850,2009,9,9,4,59,46.531,-87.549,434,999,999.9,999.9,999.9,9999.9,"Ishpeming"
727430,94850,2009,9,10,4,59,46.531,-87.549,434,999,999.9,999.9,999.9,9999.9,"Ishpeming"
727430,94850,2009,9,11,4,59,46.531,-87.549,434,999,999.9,999.9,999.9,9999.9,"Ishpeming"
727430,94850,2009,9,12,4,59,46.531,-87.549,434,999,999.9,999.9,999.9,9999.9,"Ishpeming"
727430,94850,2009,9,13,4,59,46.531,-87.549,434,999,999.9,999.9,999.9,9999.9,"Ishpeming"
727430,94850,2009,9,14,4,59,46.531,-87.549,434,999,999.9,999.9,999.9,9999.9,"Ishpeming"
727430,94850,2009,9,15,4,59,46.531,-87.549,434,999,999.9,999.9,999.9,9999.9,"Ishpeming"
727430,94850,2009,9,16,4,59,46.531,-87.549,434,999,999.9,999.9,999.9,9999.9,"Ishpeming"
727430,94850,2009,9,17,4,59,46.531,-87.549,434,999,999.9,999.9,999.9,9999.9,"Ishpeming"
727430,94850,2009,9,18,4,59,46.531,-87.549,434,999,999.9,999.9,999.9,9999.9,"Ishpeming"
727430,94850,2009,9,19,4,59,46.531,-87.549,434,999,999.9,999.9,999.9,9999.9,"Ishpeming"
727430,94850,2009,9,20,4,59,46.531,-87.549,434,999,999.9,999.9,999.9,9999.9,"Ishpeming"
727430,94850,2009,9,21,4,59,46.531,-87.549,434,999,999.9,999.9,999.9,9999.9,"Ishpeming"
727430,94850,2009,9,22,4,59,46.531,-87.549,434,999,999.9,999.9,999.9,9999.9,"Ishpeming"
727430,94850,2009,9,23,4,59,46.531,-87.549,434,999,999.9,999.9,999.9,9999.9,"Ishpeming"
727430,94850,2009,9,24,4,59,46.531,-87.549,434,999,999.9,999.9,999.9,9999.9,"Ishpeming"
727430,94850,2009,9,25,4,59,46.531,-87.549,434,999,999.9,999.9,999.9,9999.9,"Ishpeming"
727430,94850,2009,9,26,4,59,46.531,-87.549,434,999,999.9,999.9,999.9,9999.9,"Ishpeming"
727430,94850,2009,9,27,4,59,46.531,-87.549,434,999,999.9,999.9,999.9,9999.9,"Ishpeming"
727430,94850,2009,9,28,4,59,46.531,-87.549,434,999,999.9,999.9,999.9,9999.9,"Ishpeming"
727430,94850,2009,9,29,4,59,46.531,-87.549,434,999,999.9,999.9,999.9,9999.9,"Ishpeming"
727430,94850,2009,9,30,4,59,46.531,-87.549,434,999,999.9,999.9,999.9,9999.9,"Ishpeming"
727430,94850,2009,10,1,4,59,46.531,-87.549,434,999,999.9,999.9,999.9,9999.9,"Ishpeming"
727430,94850,2009,10,1,8,59,46.531,-87.549,434,999,999.9,999.9,999.9,9999.9,"Ishpeming"
727430,94850,2009,10,2,4,59,46.531,-87.549,434,999,999.9,999.9,999.9,9999.9,"Ishpeming"
727430,94850,2009,10,3,4,59,46.531,-87.549,434,999,999.9,999.9,999.9,9999.9,"Ishpeming"
727430,94850,2009,10,4,4,59,46.531,-87.549,434,999,999.9,999.9,999.9,9999.9,"Ishpeming"
727430,94850,2009,10,5,4,59,46.531,-87.549,434,999,999.9,999.9,999.9,9999.9,"Ishpeming"
727430,94850,2009,10,6,4,59,46.531,-87.549,434,999,999.9,999.9,999.9,9999.9,"Ishpeming"
727430,94850,2009,10,7,4,59,46.531,-87.549,434,999,999.9,999.9,999.9,9999.9,"Ishpeming"
727430,94850,2009,10,8,4,59,46.531,-87.549,434,999,999.9,999.9,999.9,9999.9,"Ishpeming"
727430,94850,2009,10,9,4,59,46.531,-87.549,434,999,999.9,999.9,999.9,9999.9,"Ishpeming"
727430,94850,2009,10,10,4,59,46.531,-87.549,434,999,999.9,999.9,999.9,9999.9,"Ishpeming"
727430,94850,2009,10,11,4,59,46.531,-87.549,434,999,999.9,999.9,999.9,9999.9,"Ishpeming"
727430,94850,2009,10,12,4,59,46.531,-87.549,434,999,999.9,999.9,999.9,9999.9,"Ishpeming"
727430,94850,2009,10,13,4,59,46.531,-87.549,434,999,999.9,999.9,999.9,9999.9,"Ishpeming"
727430,94850,2009,10,14,4,59,46.531,-87.549,434,999,999.9,999.9,999.9,9999.9,"Ishpeming"
727430,94850,2009,10,15,4,59,46.531,-87.549,434,999,999.9,999.9,999.9,9999.9,"Ishpeming"
727430,94850,2009,10,16,4,59,46.531,-87.549,434,999,999.9,999.9,999.9,9999.9,"Ishpeming"
727430,94850,2009,10,17,4,59,46.531,-87.549,434,999,999.9,999.9,999.9,9999.9,"Ishpeming"
727430,94850,2009,10,18,4,59,46.531,-87.549,434,999,999.9,999.9,999.9,9999.9,"Ishpeming"
727430,94850,2009,10,19,4,59,46.531,-87.549,434,999,999.9,999.9,999.9,9999.9,"Ishpeming"
727430,94850,2009,10,20,4,59,46.531,-87.549,434,999,999.9,999.9,999.9,9999.9,"Ishpeming"
727430,94850,2009,10,21,4,59,46.531,-87.549,434,999,999.9,999.9,999.9,9999.9,"Ishpeming"
727430,94850,2009,10,22,4,59,46.531,-87.549,434,999,999.9,999.9,999.9,9999.9,"Ishpeming"
727430,94850,2009,10,23,4,59,46.531,-87.549,434,999,999.9,999.9,999.9,9999.9,"Ishpeming"
727430,94850,2009,10,24,4,59,46.531,-87.549,434,999,999.9,999.9,999.9,9999.9,"Ishpeming"
727430,94850,2009,10,25,4,59,46.531,-87.549,434,999,999.9,999.9,999.9,9999.9,"Ishpeming"
727430,94850,2009,10,26,4,59,46.531,-87.549,434,999,999.9,999.9,999.9,9999.9,"Ishpeming"
727430,94850,2009,10,27,4,59,46.531,-87.549,434,999,999.9,999.9,999.9,9999.9,"Ishpeming"
727430,94850,2009,10,28,4,59,46.531,-87.549,434,999,999.9,999.9,999.9,9999.9,"Ishpeming"
727430,94850,2009,10,29,4,59,46.531,-87.549,434,999,999.9,999.9,999.9,9999.9,"Ishpeming"
727430,94850,2009,10,30,4,59,46.531,-87.549,434,999,999.9,999.9,999.9,9999.9,"Ishpeming"
727430,94850,2009,10,31,4,59,46.531,-87.549,434,999,999.9,999.9,999.9,9999.9,"Ishpeming"
727430,94850,2009,11,1,4,59,46.531,-87.549,434,999,999.9,999.9,999.9,9999.9,"Ishpeming"
727430,94850,2009,11,1,8,59,46.531,-87.549,434,999,999.9,999.9,999.9,9999.9,"Ishpeming"
727430,94850,2009,11,2,4,59,46.531,-87.549,434,999,999.9,999.9,999.9,9999.9,"Ishpeming"
727430,94850,2009,11,3,4,59,46.531,-87.549,434,999,999.9,999.9,999.9,9999.9,"Ishpeming"
727430,94850,2009,11,4,4,59,46.531,-87.549,434,999,999.9,999.9,999.9,9999.9,"Ishpeming"
727430,94850,2009,11,5,4,59,46.531,-87.549,434,999,999.9,999.9,999.9,9999.9,"Ishpeming"
727430,94850,2009,11,6,4,59,46.531,-87.549,434,999,999.9,999.9,999.9,9999.9,"Ishpeming"
727430,94850,2009,11,7,4,59,46.531,-87.549,434,999,999.9,999.9,999.9,9999.9,"Ishpeming"
727430,94850,2009,11,8,4,59,46.531,-87.549,434,999,999.9,999.9,999.9,9999.9,"Ishpeming"
727430,94850,2009,11,9,4,59,46.531,-87.549,434,999,999.9,999.9,999.9,9999.9,"Ishpeming"
727430,94850,2009,11,10,4,59,46.531,-87.549,434,999,999.9,999.9,999.9,9999.9,"Ishpeming"
727430,94850,2009,11,11,4,59,46.531,-87.549,434,999,999.9,999.9,999.9,9999.9,"Ishpeming"
727430,94850,2009,11,12,4,59,46.531,-87.549,434,999,999.9,999.9,999.9,9999.9,"Ishpeming"
727430,94850,2009,11,13,4,59,46.531,-87.549,434,999,999.9,999.9,999.9,9999.9,"Ishpeming"
727430,94850,2009,11,14,4,59,46.531,-87.549,434,999,999.9,999.9,999.9,9999.9,"Ishpeming"
727430,94850,2009,11,15,4,59,46.531,-87.549,434,999,999.9,999.9,999.9,9999.9,"Ishpeming"
727430,94850,2009,11,16,4,59,46.531,-87.549,434,999,999.9,999.9,999.9,9999.9,"Ishpeming"
727430,94850,2009,11,17,4,59,46.531,-87.549,434,999,999.9,999.9,999.9,9999.9,"Ishpeming"
727430,94850,2009,11,18,4,59,46.531,-87.549,434,999,999.9,999.9,999.9,9999.9,"Ishpeming"
727430,94850,2009,11,19,4,59,46.531,-87.549,434,999,999.9,999.9,999.9,9999.9,"Ishpeming"
727430,94850,2009,11,20,4,59,46.531,-87.549,434,999,999.9,999.9,999.9,9999.9,"Ishpeming"
727430,94850,2009,11,21,4,59,46.531,-87.549,434,999,999.9,999.9,999.9,9999.9,"Ishpeming"
727430,94850,2009,11,22,4,59,46.531,-87.549,434,999,999.9,999.9,999.9,9999.9,"Ishpeming"
727430,94850,2009,11,23,4,59,46.531,-87.549,434,999,999.9,999.9,999.9,9999.9,"Ishpeming"
727430,94850,2009,11,24,4,59,46.531,-87.549,434,999,999.9,999.9,999.9,9999.9,"Ishpeming"
727430,94850,2009,11,25,4,59,46.531,-87.549,434,999,999.9,999.9,999.9,9999.9,"Ishpeming"
727430,94850,2009,11,26,4,59,46.531,-87.549,434,999,999.9,999.9,999.9,9999.9,"Ishpeming"
727430,94850,2009,11,27,4,59,46.531,-87.549,434,999,999.9,999.9,999.9,9999.9,"Ishpeming"
727430,94850,2009,11,28,4,59,46.531,-87.549,434,999,999.9,999.9,999.9,9999.9,"Ishpeming"
727430,94850,2009,11,29,4,59,46.531,-87.549,434,999,999.9,999.9,999.9,9999.9,"Ishpeming"
727430,94850,2009,11,30,4,59,46.531,-87.549,434,999,999.9,999.9,999.9,9999.9,"Ishpeming"
727430,94850,2009,12,1,4,59,46.531,-87.549,434,999,999.9,999.9,999.9,9999.9,"Ishpeming"
727430,94850,2009,12,1,8,59,46.531,-87.549,434,999,999.9,999.9,999.9,9999.9,"Ishpeming"
727430,94850,2009,12,2,4,59,46.531,-87.549,434,999,999.9,999.9,999.9,9999.9,"Ishpeming"
727430,94850,2009,12,3,4,59,46.531,-87.549,434,999,999.9,999.9,999.9,9999.9,"Ishpeming"
727430,94850,2009,12,4,4,59,46.531,-87.549,434,999,999.9,999.9,999.9,9999.9,"Ishpeming"
727430,94850,2009,12,5,4,59,46.531,-87.549,434,999,999.9,999.9,999.9,9999.9,"Ishpeming"
727430,94850,2009,12,6,4,59,46.531,-87.549,434,999,999.9,999.9,999.9,9999.9,"Ishpeming"
727430,94850,2009,12,7,4,59,46.531,-87.549,434,999,999.9,999.9,999.9,9999.9,"Ishpeming"
727430,94850,2009,12,8,4,59,46.531,-87.549,434,999,999.9,999.9,999.9,9999.9,"Ishpeming"
727430,94850,2009,12,9,4,59,46.531,-87.549,434,999,999.9,999.9,999.9,9999.9,"Ishpeming"
727430,94850,2009,12,10,4,59,46.531,-87.549,434,999,999.9,999.9,999.9,9999.9,"Ishpeming"
727430,94850,2009,12,11,4,59,46.531,-87.549,434,999,999.9,999.9,999.9,9999.9,"Ishpeming"
727430,94850,2009,12,12,4,59,46.531,-87.549,434,999,999.9,999.9,999.9,9999.9,"Ishpeming"
727430,94850,2009,12,13,4,59,46.531,-87.549,434,999,999.9,999.9,999.9,9999.9,"Ishpeming"
727430,94850,2009,12,14,4,59,46.531,-87.549,434,999,999.9,999.9,999.9,9999.9,"Ishpeming"
727430,94850,2009,12,15,4,59,46.531,-87.549,434,999,999.9,999.9,999.9,9999.9,"Ishpeming"
727430,94850,2009,12,16,4,59,46.531,-87.549,434,999,999.9,999.9,999.9,9999.9,"Ishpeming"
727430,94850,2009,12,17,4,59,46.531,-87.549,434,999,999.9,999.9,999.9,9999.9,"Ishpeming"
727430,94850,2009,12,18,4,59,46.531,-87.549,434,999,999.9,999.9,999.9,9999.9,"Ishpeming"
727430,94850,2009,12,19,4,59,46.531,-87.549,434,999,999.9,999.9,999.9,9999.9,"Ishpeming"
727430,94850,2009,12,20,4,59,46.531,-87.549,434,999,999.9,999.9,999.9,9999.9,"Ishpeming"
727430,94850,2009,12,21,4,59,46.531,-87.549,434,999,999.9,999.9,999.9,9999.9,"Ishpeming"
727430,94850,2009,12,22,4,59,46.531,-87.549,434,999,999.9,999.9,999.9,9999.9,"Ishpeming"
727430,94850,2009,12,23,4,59,46.531,-87.549,434,999,999.9,999.9,999.9,9999.9,"Ishpeming"
727430,94850,2009,12,24,4,59,46.531,-87.549,434,999,999.9,999.9,999.9,9999.9,"Ishpeming"
727430,94850,2009,12,25,4,59,46.531,-87.549,434,999,999.9,999.9,999.9,9999.9,"Ishpeming"
727430,94850,2009,12,26,4,59,46.531,-87.549,434,999,999.9,999.9,999.9,9999.9,"Ishpeming"
727430,94850,2009,12,27,4,59,46.531,-87.549,434,999,999.9,999.9,999.9,9999.9,"Ishpeming"
727430,94850,2009,12,28,4,59,46.531,-87.549,434,999,999.9,999.9,999.9,9999.9,"Ishpeming"
727430,94850,2009,12,29,4,59,46.531,-87.549,434,999,999.9,999.9,999.9,9999.9,"Ishpeming"
727430,94850,2009,12,30,4,59,46.531,-87.549,434,999,999.9,999.9,999.9,9999.9,"Ishpeming"
727430,94850,2009,12,31,4,59,46.531,-87.549,434,999,999.9,999.9,999.9,9999.9,"Ishpeming"
